{"cameraMode":{"drawMode":0,"name":"Shaded","section":"Shading Mode"},"sceneLighting":false,"audioPlay":false,"sceneViewState":{"showFog":true,"showMaterialUpdate":false,"showSkybox":false,"showFlares":true,"showImageEffects":true,"showParticleSystems":true},"in2DMode":false,"pivot":{"x":0.4399999976158142,"y":1.9500000476837159,"z":2.6700000762939455},"rotation":{"x":-0.0014823052333667875,"y":0.9798181056976318,"z":-0.0076685333624482159,"w":-0.19997653365135194},"size":0.18611682951450349,"orthographic":false}