{"cameraMode":{"drawMode":0,"name":"Shaded","section":"Shading Mode"},"sceneLighting":true,"audioPlay":false,"sceneViewState":{"showFog":true,"showMaterialUpdate":false,"showSkybox":true,"showFlares":true,"showImageEffects":true,"showParticleSystems":true},"in2DMode":false,"pivot":{"x":-37.66176986694336,"y":20.87287139892578,"z":-20.00263786315918},"rotation":{"x":0.022889146581292154,"y":0.2069370299577713,"z":-0.004842330235987902,"w":0.9780806303024292},"size":16.367074966430665,"orthographic":false}